Numero,Tema,Caption,CTA,Hashtag
1,Inizio percorso,"Non devi essere gia in forma per iniziare. Devi solo iniziare nel posto giusto, con il supporto giusto e con un percorso che abbia senso per te.","Scrivici PROVA in DM","#palestra #fitness #inizio"
2,Costanza,"Allenarsi bene non vuol dire fare tutto perfetto. Vuol dire tornare, imparare e costruire continuita settimana dopo settimana.","Prenota una visita","#costanza #gym #motivazione"
3,Prima visita,"La prima volta in palestra puo spaventare. Per questo ti accompagniamo passo dopo passo, senza pressioni e senza confusione.","Chiedi come funziona la prova","#primavisita #fitnessclub #supporto"
4,Forza,"Allenare la forza significa migliorare energia, postura e fiducia. Non e solo una questione estetica.","Richiedi info","#forza #allenamento #benessere"
5,Community,"Allenarsi in un ambiente che ti accoglie cambia tutto. Il risultato non e solo fisico: e anche mentale.","Vieni a conoscerci","#community #palestra #wellness"
6,Errore comune,"Uno degli errori piu frequenti e iniziare senza una direzione chiara. Quando hai un piano, tutto diventa piu semplice.","Prenota una consulenza","#gymtips #risultati #coach"
7,Open day,"Vuoi vedere la palestra, capire il metodo e sentire se fa per te? L'open day serve proprio a questo.","Blocca il tuo posto","#openday #fitness #evento"
8,Donna e pesi,"No, i pesi non ti rendono troppo grossa. Ti aiutano a diventare piu forte, stabile e sicura.","Scrivici DONNA","#womenfitness #forza #salapesi"
9,Personal trainer,"Il personal trainer non e un lusso per pochi. E una scorciatoia intelligente per chi vuole risultati con meno errori.","Chiedi il percorso PT","#personaltrainer #fitnesscoach #gym"
10,Ripartenza,"Se ti sei fermato, non significa che hai fallito. Significa solo che e il momento giusto per ripartire meglio.","Scrivici RITORNO","#rientro #fitnessjourney #palestra"
11,Lezione prova,"La prova non serve a convincerti con parole. Serve a farti capire se qui puoi davvero stare bene e lavorare sui tuoi obiettivi.","Prenota la tua prova","#prova #fitnessclub #start"
12,Tecnica,"La tecnica giusta ti fa lavorare meglio, sentire di piu l'esercizio e ridurre gli errori.","Vieni in sala con noi","#tecnica #allenamento #gymtips"
13,Promo mensile,"Ogni promo ha senso solo se ti aiuta a partire davvero. Per questo costruiamo offerte semplici, utili e facili da usare.","Chiedi la promo attiva","#promo #palestra #fitnessdeal"
14,Recensione,"La parte piu bella del nostro lavoro? Leggere quando qualcuno si sente seguito davvero.","Leggi le recensioni","#reviews #clientisoddisfatti #gym"
15,Tempo,"Non serve vivere in palestra per stare meglio. Serve trovare una routine che puoi mantenere anche nei periodi pieni.","Chiedi un piano realistico","#tempo #abitudini #fitness"
16,Allenarsi in coppia,"Condividere il percorso con qualcuno rende tutto piu facile: piu impegno, piu continuita, piu energia.","Chiedi la promo coppia","#allenamentoincoppia #gym #community"
17,Settembre,"Settembre e il mese perfetto per rimettere ordine. Non con promesse estreme, ma con un piano sostenibile.","Scrivici SETTEMBRE","#settembre #ripartenza #palestra"
18,Postura,"Se passi molte ore seduto, allenarti bene puo migliorare molto piu del tuo aspetto.","Prenota una prova guidata","#postura #benessere #fitness"
19,Mini vittorie,"I risultati grandi arrivano da vittorie piccole ripetute nel tempo. Una settimana buona vale piu di un giorno perfetto.","Inizia questa settimana","#progressi #costanza #gym"
20,Backstage,"Dietro un buon allenamento ci sono metodo, ascolto e attenzione. E questo che rende diverso un ambiente serio.","Vieni a conoscerci","#backstage #fitnessclub #team"
21,Clienti reali,"Qui non alleniamo solo atleti. Alleniamo persone vere con obiettivi veri, orari pieni e vite normali.","Prenota una visita","#realpeople #palestra #fitness"
22,Risultati realistici,"Non vendiamo magie. Costruiamo progressi concreti, misurabili e sostenibili.","Chiedi il percorso giusto per te","#realresults #wellness #gym"
23,Lezione gruppo,"Se cerchi energia e guida, le lezioni di gruppo sono un ottimo punto di partenza.","Prova una lezione","#groupfitness #energia #palestra"
24,Focus donna,"Allenarti per sentirti forte e non solo stanca del solito ricominciare: questo cambia tutto.","Scrivici per un percorso donna","#donneinforma #forza #fitness"
25,Open week,"Una settimana per scoprire ambiente, metodo e persone. Senza pressioni, ma con una direzione chiara.","Prenota il tuo posto","#openweek #gym #evento"
26,Obiettivo salute,"Allenarti bene significa investire su energia, salute e qualita della tua giornata.","Chiedi come iniziare","#salute #movimento #fitness"
27,Abbonamento,"Un abbonamento ha valore quando ti aiuta davvero a esserci con regolarita.","Parliamone insieme","#abbonamento #palestra #consulenza"
28,PT upsell,"Se hai gia iniziato, qualche sessione personal puo aiutarti a fare un salto di qualita.","Richiedi una consulenza PT","#pt #progressi #allenamento"
29,Cliente inattivo,"Se e passato tempo dall'ultimo allenamento, non preoccuparti: si puo ripartire con calma e metodo.","Scrivici RIENTRO","#riparti #fitnessrestart #gym"
30,Call finale,"Hai letto, salvato e rimandato abbastanza. Adesso fai il passo che conta davvero.","Mandaci un DM oggi","#startnow #iscrizione #palestra"
